{"schema":1,"meta":{"last_write_rel_s":2161.4,"handler":"instruct","strategy":"lora","params_b":1.544,"n_gpus":1,"gpu_gb":85.0,"seq_len":4096,"tokenized":33981,"train_n":33725,"val_n":256,"lora_r":32,"lr":0.00015,"batch":4,"grad_accum":4,"eff_batch":16,"epochs":2,"neftune":true,"tokens_per_step_cap":65536,"started_unix":1784085466},"env":{"torch":"2.5.1+cu124","transformers":"4.54.1","cuda_available":true,"gpu_count":1,"gpu_name":"NVIDIA H100 80GB HBM3","gpu_mem_gb":85.0,"trl":"0.24.0","peft":"0.17.1","peak_cuda_alloc_gb":12.15},"events":[{"t":6.1,"name":"strategy_chosen","strategy":"lora","params_b":1.544,"n_gpus":1,"per_gpu_gb":85.0},{"t":12.4,"name":"model_loaded","rows":34000},{"t":2161.0,"name":"deadline_stop","step":1751,"remaining_s":1.1,"per_step_s":1.25},{"t":2161.0,"name":"train_end","steps":1751,"epochs":0.831,"planned_epochs":2}],"train_curve":[[34.0,10,1.6583,1.0629921259842519e-05],[46.7,20,1.5626,2.2440944881889763e-05],[60.1,30,1.5279,3.425196850393701e-05],[72.7,40,1.4723,4.606299212598425e-05],[86.2,50,1.459,5.787401574803149e-05],[98.9,60,1.3837,6.968503937007874e-05],[111.6,70,1.3562,8.149606299212598e-05],[125.0,80,1.3238,9.330708661417322e-05],[137.7,90,1.3725,0.00010511811023622045],[150.9,100,1.3187,0.0001169291338582677],[163.8,110,1.442,0.00012874015748031497],[176.5,120,1.3808,0.00014055118110236218],[189.8,130,1.3899,0.00014999993359237303],[202.6,140,1.3632,0.0001499976093418931],[215.8,150,1.3678,0.00014999196486686233],[228.8,160,1.3747,0.00014998300050046682],[241.8,170,1.2818,0.0001499707167718617],[255.4,180,1.27,0.0001499551144061398],[268.1,190,1.314,0.00014993619432428877],[281.3,200,1.3531,0.00014991395764313696],[294.2,210,1.2043,0.00014988840567528724],[306.8,220,1.2797,0.00014985953992903962],[320.0,230,1.3486,0.00014982736210830227],[332.9,240,1.3099,0.00014979187411249083],[346.0,250,1.293,0.0001497530780364164],[358.9,260,1.2822,0.00014971097617016177],[371.6,270,1.3981,0.00014966557099894637],[384.7,280,1.3063,0.00014961686520297948],[397.7,290,1.272,0.000149564861657302],[410.8,300,1.4035,0.00014950956343161688],[423.9,310,1.3317,0.00014945097379010774],[436.7,320,1.2945,0.00014938909619124625],[449.9,330,1.3275,0.00014932393428758814],[462.8,340,1.3687,0.0001492554919255573],[475.9,350,1.3443,0.00014918377314521901],[488.7,360,1.2528,0.00014910878218004123],[501.5,370,1.371,0.00014903052345664492],[515.1,380,1.2802,0.00014894900159454259],[528.0,390,1.3853,0.00014886422140586564],[541.2,400,1.3747,0.0001487761878950803],[554.1,410,1.3121,0.00014868490625869236],[567.0,420,1.3971,0.00014859038188494021],[580.2,430,1.3895,0.00014849262035347694],[593.2,440,1.3854,0.0001483916274350409],[606.4,450,1.2759,0.0001482874090911151],[619.4,460,1.3248,0.0001481799714735753],[632.3,470,1.3161,0.00014806932092432685],[645.5,480,1.3211,0.00014795546397493038],[658.4,490,1.2812,0.00014783840734621624],[671.8,500,1.353,0.0001477181579478877],[684.7,510,1.3151,0.00014759472287811321],[697.6,520,1.2636,0.00014746810942310729],[711.1,530,1.2807,0.00014733832505670053],[724.2,540,1.248,0.00014720537743989834],[737.4,550,1.2961,0.0001470692744204287],[750.4,560,1.3278,0.00014693002403227916],[763.6,570,1.2876,0.00014678763449522223],[776.8,580,1.3354,0.00014664211421433045],[789.8,590,1.3284,0.0001464934717794802],[802.7,600,1.3086,0.00014634171596484462],[812.5,610,1.4071,0.00014618685572837558],[820.7,620,1.3156,0.0001460289002112751],[831.0,630,1.335,0.00014586785873745567],[841.6,640,1.3673,0.00014570374081298982],[853.0,650,1.3884,0.0001455365561255491],[863.7,660,1.4219,0.00014536631454383205],[875.0,670,1.2281,0.00014519302611698187],[887.0,680,1.2646,0.0001450167010739931],[897.0,690,1.3014,0.00014483734982310786],[907.2,700,1.2856,0.00014465498295120145],[917.0,710,1.3597,0.00014446961122315744],[925.7,720,1.2309,0.00014428124558123223],[933.8,730,1.2832,0.0001440898971444091],[942.3,740,1.3533,0.00014389557720774192],[951.3,750,1.3437,0.00014369829724168842],[962.0,760,1.2536,0.00014349806889143305],[973.0,770,1.2441,0.00014329490397619964],[984.0,780,1.358,0.00014308881448855373],[994.9,790,1.3163,0.0001428798125936945],[1006.1,800,1.2679,0.00014266791062873702],[1016.8,810,1.3728,0.00014245312110198362],[1027.6,820,1.314,0.0001422354566921858],[1038.7,830,1.2803,0.00014201493024779566],[1049.6,840,1.3398,0.0001417915547862077],[1060.7,850,1.3779,0.00014156534349299006],[1071.5,860,1.2669,0.00014133630972110655],[1082.4,870,1.2784,0.00014110446699012826],[1093.4,880,1.283,0.0001408698289854355],[1104.5,890,1.2351,0.00014063240955741009],[1113.0,900,1.2734,0.00014039222272061767],[1124.1,910,1.2742,0.00014014928265298048],[1133.9,920,1.3228,0.00013990360369494048],[1143.9,930,1.3251,0.00013965520034861284],[1153.6,940,1.3504,0.00013940408727692986],[1163.6,950,1.2882,0.00013915027930277554],[1173.1,960,1.2696,0.00013889379140811042],[1183.0,970,1.3078,0.0001386346387330874],[1192.9,980,1.3403,0.00013837283657515797],[1202.8,990,1.2477,0.00013810840038816917],[1212.9,1000,1.3697,0.00013784134578145142],[1222.8,1010,1.322,0.00013757168851889716],[1232.5,1020,1.3379,0.00013729944451803023],[1242.6,1030,1.3527,0.00013702462984906634],[1251.7,1040,1.3291,0.00013674726073396445],[1260.6,1050,1.3398,0.00013646735354546922],[1271.8,1060,1.3625,0.00013618492480614456],[1279.5,1070,1.3075,0.0001358999911873983],[1287.4,1080,1.3377,0.00013561256950849805],[1295.4,1090,1.2633,0.0001353226767355785],[1303.4,1100,1.2803,0.00013503032998063986],[1311.0,1110,1.363,0.0001347355465005377],[1320.4,1120,1.2744,0.00013443834369596447],[1332.6,1130,1.2417,0.00013413873911042213],[1345.6,1140,1.3813,0.0001338367504291868],[1358.8,1150,1.4146,0.0001335323954782647],[1371.5,1160,1.3166,0.00013322569222333993],[1384.4,1170,1.2728,0.0001329166587687139],[1397.6,1180,1.4011,0.00013260531335623687],[1410.5,1190,1.2893,0.0001322916743642309],[1423.7,1200,1.3401,0.0001319757603064052],[1436.4,1210,1.3023,0.0001316575898307632],[1449.3,1220,1.3324,0.00013133718171850172],[1462.4,1230,1.3342,0.00013101455488290247],[1475.5,1240,1.2398,0.0001306897283682156],[1488.8,1250,1.3963,0.0001303627213485354],[1501.6,1260,1.3219,0.00013003355312666876],[1515.9,1270,1.3164,0.00012970224313299533],[1531.9,1280,1.2661,0.00012936881092432103],[1546.3,1290,1.2116,0.00012903327618272336],[1563.2,1300,1.2194,0.00012869565871438958],[1577.7,1310,1.3507,0.00012835597844844778],[1592.2,1320,1.3434,0.0001280142554357902],[1605.9,1330,1.2612,0.00012767050984788993],[1619.6,1340,1.2484,0.00012732476197561008],[1633.2,1350,1.2652,0.00012697703222800598],[1646.6,1360,1.3246,0.00012662734113112064],[1660.1,1370,1.3854,0.0001262757093267729],[1673.8,1380,1.3467,0.00012592215757133916],[1687.2,1390,1.3342,0.00012556670673452805],[1700.8,1400,1.2925,0.00012520937779814857],[1713.9,1410,1.3189,0.00012485019185487148],[1727.3,1420,1.3192,0.0001244891701069844],[1741.0,1430,1.2455,0.00012412633386513997],[1754.4,1440,1.2406,0.00012376170454709827],[1768.0,1450,1.4354,0.00012339530367646236],[1781.1,1460,1.2107,0.00012302715288140765],[1794.5,1470,1.405,0.00012265727389340546],[1808.0,1480,1.2448,0.00012228568854594018],[1819.7,1490,1.33,0.00012191241877322026],[1833.5,1500,1.2792,0.00012153748660888376],[1846.7,1510,1.2855,0.00012116091418469757],[1859.9,1520,1.3444,0.00012078272372925095],[1873.2,1530,1.2782,0.00012040293756664359],[1886.3,1540,1.3736,0.00012002157811516764],[1899.6,1550,1.3666,0.00011963866788598454],[1912.4,1560,1.3358,0.00011925422948179614],[1925.0,1570,1.3468,0.00011886828559551051],[1936.9,1580,1.3431,0.00011848085900890238],[1950.4,1590,1.3655,0.00011809197259126845],[1963.8,1600,1.3707,0.00011770164929807732],[1976.5,1610,1.2547,0.00011730991216961453],[1989.7,1620,1.3351,0.00011691678432962256],[2003.0,1630,1.2438,0.00011652228898393572],[2016.0,1640,1.2863,0.00011612644941911056],[2029.2,1650,1.3339,0.00011572928900105105],[2042.0,1660,1.3147,0.00011533083117362954],[2055.0,1670,1.2987,0.00011493109945730269],[2068.3,1680,1.3034,