{"schema":1,"meta":{"last_write_rel_s":3014.7,"handler":"instruct","strategy":"lora","params_b":1.544,"n_gpus":1,"gpu_gb":85.0,"seq_len":4096,"tokenized":33981,"train_n":33725,"val_n":256,"lora_r":32,"lr":0.00015,"batch":4,"grad_accum":4,"eff_batch":16,"epochs":3.0,"neftune":true,"tokens_per_step_cap":65536,"started_unix":1784175984},"env":{"torch":"2.5.1+cu124","transformers":"4.57.1","cuda_available":true,"gpu_count":1,"gpu_name":"NVIDIA H100 80GB HBM3","gpu_mem_gb":85.0,"trl":"0.24.0","peft":"0.17.1","peak_cuda_alloc_gb":28.34},"events":[{"t":3.8,"name":"strategy_chosen","strategy":"lora","params_b":1.544,"n_gpus":1,"per_gpu_gb":85.0},{"t":4.1,"name":"model_loaded","rows":34000},{"t":3014.5,"name":"train_end","steps":6324,"epochs":3.0,"planned_epochs":3}],"train_curve":[[15.9,10,1.6586,7.105263157894737e-06],[167.2,330,1.3282,0.00014985752098411846],[318.5,650,1.3876,0.00014845286171423676],[469.8,970,1.3106,0.00014558214874556573],[623.8,1290,1.2131,0.00014132231807805116],[750.5,1560,1.3371,0.00013673075314685944],[825.6,1720,1.2748,0.00013361632049438798],[901.4,1880,1.3596,0.0001302343314811],[979.0,2040,1.3628,0.00012660748377915328],[1057.5,2200,1.1728,0.00012276011839018367],[1109.5,2310,1.1136,0.00012000050019674916],[1147.3,2390,1.0828,0.00011794067689618347],[1185.0,2470,1.0465,0.0001158402486026878],[1223.1,2550,1.0689,0.00011370274096692381],[1260.8,2630,1.0212,0.00011153174187867283],[1298.6,2710,1.1062,0.00010933089544442298],[1336.4,2790,1.144,0.00010710389587059465],[1374.3,2870,1.0801,0.00010485448126267111],[1412.6,2950,1.15,0.00010258642735064303],[1445.5,3020,1.1685,0.00010058958229717704],[1464.4,3060,1.1032,9.9444416321255e-05],[1483.4,3100,1.136,9.82968605197225e-05],[1502.1,3140,1.1632,9.714739649738138e-05],[1523.8,3180,1.1102,9.599650665987323e-05],[1542.6,3220,1.072,9.484467401122394e-05],[1561.5,3260,1.1111,9.369238195113727e-05],[1580.4,3300,1.1062,9.254011407212222e-05],[1599.1,3340,1.0116,9.138835395653947e-05],[1618.0,3380,1.0719,9.023758497365214e-05],[1636.6,3420,1.0419,8.908829007676611e-05],[1655.7,3460,1.1119,8.794095160054454e-05],[1674.7,3500,1.1432,8.679605105858249e-05],[1693.5,3540,1.1336,8.565406894132571e-05],[1712.5,3580,1.177,8.451548451441909e-05],[1731.3,3620,1.1314,8.338077561756904e-05],[1750.1,3660,1.2627,8.225041846400433e-05],[1769.1,3700,1.0983,8.112488744061937e-05],[1787.8,3740,1.1979,8.000465490888438e-05],[1802.1,3770,1.1205,7.916824055167623e-05],[1811.6,3790,1.1003,7.86125312459572e-05],[1821.1,3810,1.108,7.805841020044812e-05],[1830.6,3830,1.221,7.750593555488306e-05],[1840.1,3850,1.1087,7.695516527625176e-05],[1849.3,3870,1.1034,7.640615715271768e-05],[1859.0,3890,1.1112,7.585896878755463e-05],[1868.5,3910,1.1498,7.531365759310297e-05],[1878.1,3930,1.1273,7.477028078474565e-05],[1887.5,3950,1.0885,7.422889537490511e-05],[1896.7,3970,1.1026,7.368955816706147e-05],[1906.1,3990,1.1511,7.315232574979244e-05],[1915.5,4010,1.1541,7.261725449083593e-05],[1924.9,4030,1.0467,7.208440053117589e-05],[1934.4,4050,1.1433,7.155381977915179e-05],[1943.6,4070,1.1687,7.102556790459258e-05],[1953.0,4090,1.1049,7.049970033297574e-05],[1962.5,4110,1.0549,6.997627223961184e-05],[1972.0,4130,1.1348,6.945533854385542e-05],[1981.4,4150,1.0784,6.893695390334274e-05],[1990.7,4170,1.0717,6.842117270825694e-05],[2000.2,4190,1.1478,6.790804907562131e-05],[2009.6,4210,1.1235,6.73976368436212e-05],[2021.9,4230,0.9127,6.68899895659552e-05],[2031.6,4250,0.8618,6.638516050621606e-05],[2040.8,4270,0.904,6.588320263230234e-05],[2050.4,4290,0.8848,6.538416861086068e-05],[2059.9,4310,0.9174,6.488811080175997e-05],[2069.4,4330,0.9016,6.439508125259768e-05],[2078.8,4350,0.8408,6.39051316932388e-05],[2088.1,4370,0.9409,6.341831353038828e-05],[2097.5,4390,0.8666,6.293467784219733e-05],[2107.0,4410,0.8718,6.245427537290407e-05],[2116.5,4430,0.9443,6.19771565275095e-05],[2125.9,4450,0.8613,6.150337136648865e-05],[2135.2,4470,0.8449,6.1032969600538355e-05],[2144.7,4490,0.8441,6.056600058536127e-05],[2154.2,4510,0.909,6.0102513316487543e-05],[2158.8,4520,0.8766,5.9872090548267024e-05],[2163.7,4530,0.8313,5.9642556424133944e-05],[2168.3,4540,0.8362,5.941391696494811e-05],[2173.1,4550,0.8842,5.918617816810153e-05],[2177.7,4560,0.8642,5.895934600736109e-05],[2182.3,4570,0.937,5.873342643271202e-05],[2187.1,4580,0.9334,5.8508425370201596e-05],[2191.8,4590,0.8928,5.828434872178383e-05],[2196.6,4600,0.9249,5.806120236516466e-05],[2201.3,4610,0.8215,5.783899215364771e-05],[2205.9,4620,0.8677,5.7617723915980784e-05],[2210.7,4630,0.9482,5.739740345620302e-05],[2215.3,4640,0.8498,5.7178036553492506e-05],[2220.2,4650,0.8521,5.6959628962014864e-05],[2224.8,4660,0.9067,5.674218641077224e-05],[2229.4,4670,0.836,5.652571460345293e-05],[2234.3,4680,0.8895,5.631021921828195e-05],[2238.9,4690,0.9057,5.609570590787196e-05],[2243.7,4700,0.9376,5.5882180299075005e-05],[2248.3,4710,0.8223,5.566964799283501e-05],[2252.9,4720,0.8376,5.545811456404071e-05],[2257.7,4730,0.8588,5.5247585561379605e-05],[2262.3,4740,0.8582,5.5038066507192213e-05],[2267.2,4750,0.8445,5.482956289732734e-05],[2271.8,4760,0.8145,5.462208020099794e-05],[2276.4,4770,0.94,5.441562386063758e-05],[2281.3,4780,1.0164,5.421019929175767e-05],[2286.0,4790,0.8259,5.400581188280548e-05],[2290.8,4800,0.8794,5.3802466995022795e-05],[2295.5,4810,0.8688,5.360016996230517e-05],[2300.1,4820,0.9975,5.3398926091062194e-05],[2305.0,4830,0.9191,5.319874066007811e-05],[2309.6,4840,0.8985,5.2999618920373535e-05],[2314.4,4850,0.8408,5.280156609506758e-05],[2319.1,4860,0.8804,5.2604587379240895e-05],[2323.9,4870,0.7803,5.240868793979941e-05],[2328.8,4880,0.8932,5.221387291533882e-05],[2333.4,4890,0.8808,5.202014741600968e-05],[2338.2,4900,0.8957,5.1827516523383564e-05],[2342.8,4910,0.8182,5.1635985290319544e-05],[2347.4,4920,0.8755,5.144555874083182e-05],[2352.3,4930,0.8737,5.125624186995789e-05],[2357.0,4940,0.8296,5.1068039643627465e-05],[2361.8,4950,0.9213,5.088095699853228e-05],[2366.5,4960,0.891,5.069499884199662e-05],[2371.1,4970,0.8222,5.051017005184847e-05],[2376.0,4980,0.9678,5.032647547629173e-05],[2380.6,4990,0.9121,5.014391993377889e-05],[2385.5,5000,0.8048,4.996250821288479e-05],[2390.1,5010,0.8658,4.978224507218087e-05],[2394.8,5020,0.9273,4.9603135240110444e-05],[2399.6,5030,0.8859,4.942518341486461e-05],[2404.2,5040,0.8566,4.924839426425911e-05],[2409.1,5050,0.7504,4.9072772425611714e-05],[2413.8,5060,0.902,4.8898322505620786e-05],[2418.4,5070,0.9243,4.872504908024427e-05],[2423.3,5080,0.9408,4.855295669457977e-05],[2427.9,5090,0.8485,4.838204986274532e-05],[2432.8,5100,0.8831,4.821233306776089e-05],[2437.4,5110,0.8393,4.8043810761430886e-05],[2442.0,5120,0.8851,4.787648736422735e-05],[2446.9,5130,0.8523,4.771036726517397e-05],[2451.5,5140,0.8155,4.7545454821731e-05],[2456.4,5150,0.9024,4.738175435968095e-05],[2461.0,5160,0.8761,4.721927017301509e-05],[2465.7,5170,0.9267,4.705800652382085e-05],[2470.6,5180,0.8716,4.689796764216998e-05],[2475.2,5190,0.8494,4.673915772600766e-05],[2480.1,5200,0.9087,4.6581580941042315e-05],[2484.7,5210,0.7842,4.642524142063637e-05],[2489.3,5220,0.8836,4.6270143265697844e-05],[2494.2,5230,0.9038,4.6116290544572786e-05],[2498.8,5240,0.9132,4.59636872929385e-05],[2503.7,5250,0.9101,4.581233751369775e-05],[2508.3,5260,0.9121,4.566224517687373e-05],[2515.6,5270,0.8145,4.551341421950595e-05],[2520.5,5280,0.9043,4.536584854554692e-05],[2525.1,5290,0.8935,4.521955202575984e-05],[2529.9,5300,0.8265,4.507452849761691e-05],[2534.5,5310,0.8439,4.493078176519884e-05],[2539.1,5320,0.8303,4.478831559909493e-05],[2544.0,5330,0.8427,4.4647133736304286e-05],[2548.6,5340,0.8346,4.4507239880137664e-05],[2553.5,5350,0.8992,4.436863770012045e-05],[2558.1,5360,0.9228,4.4231330831896346e-05],[2562.7,5370,0.8472,4.409532287713198e-05],[2567.6,5380,0.8666,4.39606174034225e-05],[2572.2,5390,0.8681,4.382721794419793e-05],[2577.1,5400,0.8642,4.3695127998630535e-05],[2581.8,5410,0.8352,4.356435103154299e-05],[2586.4,5420,0.8788,4.343489047331751e-05],[2591.3,5430,0.967,